0	RT @Nasim876: کولبران بیشتر در استان های آذربایجان غربی ، کردستان ، کرمانشاه ، و سیستان و بلوچستان مشغول به کار هستند.کولبران به خاطر بیکار…
1	من نمی فهمم چرا تمامی منجی های آخر الزمانی بی پدر نطفه شون بسته شده، امام حسن عسگری که تو زندان بود و از طریق طی ال… https://t.co/vKEwy6Py38
2	"@yasnayona جالب بود
اگر حق آب هیرمند توسط شاه پفیوز به افغانستان بخشیده نشده بود الان شاهد خشکسالی در سیستان و بلوچستان نبودیم"
3	"RT @nadersy325: این هم وضعیت مردم محروم #سيستان_و_بلوچستان  !!
سوخت‌کشی #شغل نیست، علت نبود شغل است. زیرا این نظام بجز نابودی حرث ونسل کار…"
4	RT @Nasim876: کولبران بیشتر در استان های آذربایجان غربی ، کردستان ، کرمانشاه ، و سیستان و بلوچستان مشغول به کار هستند.کولبران به خاطر بیکار…
5	"RT @nadersy325: این هم وضعیت مردم محروم #سيستان_و_بلوچستان  !!
سوخت‌کشی #شغل نیست، علت نبود شغل است. زیرا این نظام بجز نابودی حرث ونسل کار…"
6	"RT @nadersy325: این هم وضعیت مردم محروم #سيستان_و_بلوچستان  !!
سوخت‌کشی #شغل نیست، علت نبود شغل است. زیرا این نظام بجز نابودی حرث ونسل کار…"
7	RT @Nasim876: کولبران بیشتر در استان های آذربایجان غربی ، کردستان ، کرمانشاه ، و سیستان و بلوچستان مشغول به کار هستند.کولبران به خاطر بیکار…
8	"RT @Goli202: برای هواپیمای اوکراینی
برای نوید 
برای اعدام نکنید
برای کولبر
برای فروش ایران
برای تشنگی سیستان و بلوچستان
هشتگ زدیم، هشتگ زدی…"
9	@vahidrafiei9 @shiftegaan @MahrokhChili بیکاری تو همه جا هست ؛ برای رفع نیازشون تو غرب کولبر ، تو سیستان بلوچستان م… https://t.co/qnbvZUaifh
10	"برای هواپیمای اوکراینی
برای نوید 
برای اعدام نکنید
برای کولبر
برای فروش ایران
برای تشنگی سیستان و بلوچستان
هشتگ زدی… https://t.co/oxHZLMzcWi"
11	"RT @nadersy325: این هم وضعیت مردم محروم #سيستان_و_بلوچستان  !!
سوخت‌کشی #شغل نیست، علت نبود شغل است. زیرا این نظام بجز نابودی حرث ونسل کار…"
12	"RT @nadersy325: این هم وضعیت مردم محروم #سيستان_و_بلوچستان  !!
سوخت‌کشی #شغل نیست، علت نبود شغل است. زیرا این نظام بجز نابودی حرث ونسل کار…"
13	"RT @nadersy325: این هم وضعیت مردم محروم #سيستان_و_بلوچستان  !!
سوخت‌کشی #شغل نیست، علت نبود شغل است. زیرا این نظام بجز نابودی حرث ونسل کار…"
14	"RT @nadersy325: این هم وضعیت مردم محروم #سيستان_و_بلوچستان  !!
سوخت‌کشی #شغل نیست، علت نبود شغل است. زیرا این نظام بجز نابودی حرث ونسل کار…"
15	RT @Nasim876: کولبران بیشتر در استان های آذربایجان غربی ، کردستان ، کرمانشاه ، و سیستان و بلوچستان مشغول به کار هستند.کولبران به خاطر بیکار…
16	"این هم وضعیت مردم محروم #سيستان_و_بلوچستان  !!
سوخت‌کشی #شغل نیست، علت نبود شغل است. زیرا این نظام بجز نابودی حرث و… https://t.co/i5ckQ9Pc9t"
17	RT @Nasim876: کولبران بیشتر در استان های آذربایجان غربی ، کردستان ، کرمانشاه ، و سیستان و بلوچستان مشغول به کار هستند.کولبران به خاطر بیکار…
18	RT @Nasim876: کولبران بیشتر در استان های آذربایجان غربی ، کردستان ، کرمانشاه ، و سیستان و بلوچستان مشغول به کار هستند.کولبران به خاطر بیکار…
19	RT @Nasim876: کولبران بیشتر در استان های آذربایجان غربی ، کردستان ، کرمانشاه ، و سیستان و بلوچستان مشغول به کار هستند.کولبران به خاطر بیکار…
20	RT @Nasim876: کولبران بیشتر در استان های آذربایجان غربی ، کردستان ، کرمانشاه ، و سیستان و بلوچستان مشغول به کار هستند.کولبران به خاطر بیکار…
21	RT @Nasim876: کولبران بیشتر در استان های آذربایجان غربی ، کردستان ، کرمانشاه ، و سیستان و بلوچستان مشغول به کار هستند.کولبران به خاطر بیکار…
22	RT @Nasim876: کولبران بیشتر در استان های آذربایجان غربی ، کردستان ، کرمانشاه ، و سیستان و بلوچستان مشغول به کار هستند.کولبران به خاطر بیکار…
23	RT @Nasim876: کولبران بیشتر در استان های آذربایجان غربی ، کردستان ، کرمانشاه ، و سیستان و بلوچستان مشغول به کار هستند.کولبران به خاطر بیکار…
24	RT @Nasim876: کولبران بیشتر در استان های آذربایجان غربی ، کردستان ، کرمانشاه ، و سیستان و بلوچستان مشغول به کار هستند.کولبران به خاطر بیکار…
25	RT @Nasim876: کولبران بیشتر در استان های آذربایجان غربی ، کردستان ، کرمانشاه ، و سیستان و بلوچستان مشغول به کار هستند.کولبران به خاطر بیکار…
26	RT @Nasim876: کولبران بیشتر در استان های آذربایجان غربی ، کردستان ، کرمانشاه ، و سیستان و بلوچستان مشغول به کار هستند.کولبران به خاطر بیکار…
27	کولبران بیشتر در استان‌های آذربایجان غربی،کردستان، کرمانشاه و سیستان و بلوچستان مشغول به کار هستند.کولبران به خاطر… https://t.co/yLnoLV0XZ9
28	کولبران بیشتر در استان های آذربایجان غربی ، کردستان ، کرمانشاه ، و سیستان و بلوچستان مشغول به کار هستند.کولبران به… https://t.co/hyeM9EYzgU
29	"RT @Daksiiam: برید بدوید ، زیاد بدوید
اون موقعی که از خستگی و تشنگی میخواستید آب بخورید 
یاد مردم سیستان هم بیفتید......."
30	"برید بدوید ، زیاد بدوید
اون موقعی که از خستگی و تشنگی میخواستید آب بخورید 
یاد مردم سیستان هم بیفتید......."
31	"#بند_کمال_خان روی رودخانه هلمند ساخته میشود که به دریاچه #هامون می ریزد.

این هفته #طالبان به این سد حمله کرد و شش… https://t.co/Lg7XQLQsYM"
32	دریاچه هامون هم خایمال داره
33	"RT @dariushabbasi72: سوخت‌کشی ⁩شغل نیست، علت نبود شغل است!!!

بجای مقابله با سوخت‌کشان با #فقر و #بیکاری مقابله کنید 
خور باهو - نزدیک مرز…"
34	"RT @dariushabbasi72: سوخت‌کشی ⁩شغل نیست، علت نبود شغل است!!!

بجای مقابله با سوخت‌کشان با #فقر و #بیکاری مقابله کنید 
خور باهو - نزدیک مرز…"
35	"RT @Moh4mmd: افغان ها درحال اتمام بند کمال خان!
با احداث این سد دیگر هیچگونه آبی وارد منطقه سیستان نخواهد شد و با توجه به سالها خشکسالی و ک…"
36	RT @VidaSarafraz: در سیستان خشکسالی اتفاق افتاده بود ولی مامورین خلیفه بيرحمانه خراج و مالیات سنگینی را از دهقانان و بازرگانان طلب کرده و ب…
37	"RT @elia12420: با افتتاح فاز سوم سد کمال خان در استان نیمروز افغانستان
دیگه چیزی به نام کشاورزی،دامداری،صید ماهی و نیزارهای هامون برای منطق…"
38	RT @VidaSarafraz: در سیستان خشکسالی اتفاق افتاده بود ولی مامورین خلیفه بيرحمانه خراج و مالیات سنگینی را از دهقانان و بازرگانان طلب کرده و ب…
39	"RT @dariushabbasi72: سوخت‌کشی ⁩شغل نیست، علت نبود شغل است!!!

بجای مقابله با سوخت‌کشان با #فقر و #بیکاری مقابله کنید 
خور باهو - نزدیک مرز…"
40	"RT @KayhanLondon: سال‌هاست فریاد تشنگی مردم سیستان و بلوچستان بلند است

🔹 نبود آب آشامیدنی در استان سیستان و بلوچستان سبب شده بسیاری از کود…"
41	"RT @KayhanLondon: سال‌هاست فریاد تشنگی مردم سیستان و بلوچستان بلند است

🔹 نبود آب آشامیدنی در استان سیستان و بلوچستان سبب شده بسیاری از کود…"
42	"RT @elia12420: با افتتاح فاز سوم سد کمال خان در استان نیمروز افغانستان
دیگه چیزی به نام کشاورزی،دامداری،صید ماهی و نیزارهای هامون برای منطق…"
43	"RT @KayhanLondon: سال‌هاست فریاد تشنگی مردم سیستان و بلوچستان بلند است

🔹 نبود آب آشامیدنی در استان سیستان و بلوچستان سبب شده بسیاری از کود…"
44	"RT @KayhanLondon: سال‌هاست فریاد تشنگی مردم سیستان و بلوچستان بلند است

🔹 نبود آب آشامیدنی در استان سیستان و بلوچستان سبب شده بسیاری از کود…"
45	"سال‌هاست فریاد تشنگی مردم سیستان و بلوچستان بلند است

🔹 نبود آب آشامیدنی در استان سیستان و بلوچستان سبب شده بسیاری… https://t.co/gZsvVe9mgN"
46	"سال‌هاست فریاد تشنگی مردم #سیستان_و_بلوچستان بلند است

https://t.co/v85h5SAmws"
47	"RT @dariushabbasi72: سوخت‌کشی ⁩شغل نیست، علت نبود شغل است!!!

بجای مقابله با سوخت‌کشان با #فقر و #بیکاری مقابله کنید 
خور باهو - نزدیک مرز…"
48	@che_mohsen @elia12420 دوست عزیز طبق همان عهدنامه زمان شاه سهم سیستان و هامون در هر ثانیه ۲۶ متر مکعب یعنی معادل ۸۵… https://t.co/EZMpOkAB4x
49	"RT @dariushabbasi72: سوخت‌کشی ⁩شغل نیست، علت نبود شغل است!!!

بجای مقابله با سوخت‌کشان با #فقر و #بیکاری مقابله کنید 
خور باهو - نزدیک مرز…"
50	"RT @dariushabbasi72: سوخت‌کشی ⁩شغل نیست، علت نبود شغل است!!!

بجای مقابله با سوخت‌کشان با #فقر و #بیکاری مقابله کنید 
خور باهو - نزدیک مرز…"
51	"@atila59486762 @mr__deer__ @bab2213 @atillasarmadi @sepahsalar78 انصافا زبان ترکی کجا قدغنه؟! چرا دروغ میگی؟!
زایند… https://t.co/BFkcc4BPSA"
52	"RT @mo_balouch: صحبت های #سعیدی در تشنگی مردم #سیستان_وبلوچستان با واکنش و تکذیب سریع و سه معاون سیاسی وزیر روبه رو شد
در عجبم کمتر از 24سا…"
53	"سوخت‌کشی ⁩شغل نیست، علت نبود شغل است!!!

بجای مقابله با سوخت‌کشان با #فقر و #بیکاری مقابله کنید 
خور باهو - نزدیک م… https://t.co/edfs462FvG"
54	استان سیستان و بلوچستان استان بدبختی هست. فقر وحشتناک فرهنگی و مالی  همراه با خشکسالی و  مواد مخدر و قاچاق و... در… https://t.co/XPKrfs6tzi
55	RT @indypersian: سالیان سال است که بحران دسترسی به آب آشامیدنی برای گروه بزرگی از اهالی استان سیستان و بلوچستان حل نشده باقی مانده است، «فر…
56	سالیان سال است که بحران دسترسی به آب آشامیدنی برای گروه بزرگی از اهالی استان سیستان و بلوچستان حل نشده باقی مانده ا… https://t.co/KMcS3osA9N
57	@elia12420 شنیدم یکی از زنهای زادگاهت سیستان بخاطر یک بطری آب برای رفع تشنگی فرزندش مجبور به تن فروشی شده و سپس خود… https://t.co/p1Ph4jlj7Q
58	"RT @elia12420: با افتتاح فاز سوم سد کمال خان در استان نیمروز افغانستان
دیگه چیزی به نام کشاورزی،دامداری،صید ماهی و نیزارهای هامون برای منطق…"
59	"RT @elia12420: اشرف غنی فاز سوم سد کمال خان رو روی هیرمند افتتاح کرد
با این کار عملا آبی سمت دریاچه هامون و دشت سیستان نمیاد
یعنی نابودی من…"
60	RT @indypersian: سالیان سال است که بحران دسترسی به آب آشامیدنی برای گروه بزرگی از اهالی استان #سیستان_و_بلوچستان حل نشده باقی مانده است و ب…
61	سالیان سال است که بحران دسترسی به آب آشامیدنی برای گروه بزرگی از اهالی استان #سیستان_و_بلوچستان حل نشده باقی مانده… https://t.co/QN4JEGzbBe
62	"@mahii_10 مازندران که آره، چار فصله. 
ولی من همیشه زمستان رفتم اردبیل و خلخال و بیجار و چارمحال و تابستان رفتم اهوا… https://t.co/4vR5nofQKJ"
63	"RT @elia12420: اشرف غنی فاز سوم سد کمال خان رو روی هیرمند افتتاح کرد
با این کار عملا آبی سمت دریاچه هامون و دشت سیستان نمیاد
یعنی نابودی من…"
64	"RT @elia12420: با افتتاح فاز سوم سد کمال خان در استان نیمروز افغانستان
دیگه چیزی به نام کشاورزی،دامداری،صید ماهی و نیزارهای هامون برای منطق…"
65	@hesamodin1 کاش قوه مجریه هم صدای تشنگان #سيستان_و_بلوچستان را بشنود تشنگی بحثی نیست از ان بشه عبور کرد امیدواریم ت… https://t.co/atqrXeHqDq
66	"RT @elia12420: با افتتاح فاز سوم سد کمال خان در استان نیمروز افغانستان
دیگه چیزی به نام کشاورزی،دامداری،صید ماهی و نیزارهای هامون برای منطق…"
67	"RT @amin_1556: اتمام بند کمال خان افغانستان نابودی کامل سیستان را در پی خواهد داشت
♦️ حالا باید نگران تشنگی مردم سیستان در سال های آینده بو…"
68	"RT @elia12420: اشرف غنی فاز سوم سد کمال خان رو روی هیرمند افتتاح کرد
با این کار عملا آبی سمت دریاچه هامون و دشت سیستان نمیاد
یعنی نابودی من…"
69	"RT @elia12420: با افتتاح فاز سوم سد کمال خان در استان نیمروز افغانستان
دیگه چیزی به نام کشاورزی،دامداری،صید ماهی و نیزارهای هامون برای منطق…"
70	"RT @elia12420: اشرف غنی فاز سوم سد کمال خان رو روی هیرمند افتتاح کرد
با این کار عملا آبی سمت دریاچه هامون و دشت سیستان نمیاد
یعنی نابودی من…"
71	"RT @elia12420: اشرف غنی فاز سوم سد کمال خان رو روی هیرمند افتتاح کرد
با این کار عملا آبی سمت دریاچه هامون و دشت سیستان نمیاد
یعنی نابودی من…"
72	"RT @elia12420: اشرف غنی فاز سوم سد کمال خان رو روی هیرمند افتتاح کرد
با این کار عملا آبی سمت دریاچه هامون و دشت سیستان نمیاد
یعنی نابودی من…"
73	"RT @amin_1556: اتمام بند کمال خان افغانستان نابودی کامل سیستان را در پی خواهد داشت
♦️ حالا باید نگران تشنگی مردم سیستان در سال های آینده بو…"
74	"RT @elia12420: با افتتاح فاز سوم سد کمال خان در استان نیمروز افغانستان
دیگه چیزی به نام کشاورزی،دامداری،صید ماهی و نیزارهای هامون برای منطق…"
75	"RT @elia12420: با افتتاح فاز سوم سد کمال خان در استان نیمروز افغانستان
دیگه چیزی به نام کشاورزی،دامداری،صید ماهی و نیزارهای هامون برای منطق…"
76	"RT @elia12420: اشرف غنی فاز سوم سد کمال خان رو روی هیرمند افتتاح کرد
با این کار عملا آبی سمت دریاچه هامون و دشت سیستان نمیاد
یعنی نابودی من…"
77	"RT @elia12420: با افتتاح فاز سوم سد کمال خان در استان نیمروز افغانستان
دیگه چیزی به نام کشاورزی،دامداری،صید ماهی و نیزارهای هامون برای منطق…"
78	"RT @elia12420: اشرف غنی فاز سوم سد کمال خان رو روی هیرمند افتتاح کرد
با این کار عملا آبی سمت دریاچه هامون و دشت سیستان نمیاد
یعنی نابودی من…"
79	"RT @elia12420: اشرف غنی فاز سوم سد کمال خان رو روی هیرمند افتتاح کرد
با این کار عملا آبی سمت دریاچه هامون و دشت سیستان نمیاد
یعنی نابودی من…"
80	"RT @elia12420: با افتتاح فاز سوم سد کمال خان در استان نیمروز افغانستان
دیگه چیزی به نام کشاورزی،دامداری،صید ماهی و نیزارهای هامون برای منطق…"
81	RT @mownten: نمیدونیم ناراحت #هواپیمای_اوکراینی #PS752 باشیم یا #نوید_افکاری یا #اختلاس‌ یا #انسولين یا #کرونا یا #سیل یا #دختر_آبادانی یا…
82	"اتمام بند کمال خان افغانستان نابودی کامل سیستان را در پی خواهد داشت
♦️ حالا باید نگران تشنگی مردم سیستان در سال های… https://t.co/N6kIXTMXUn"
83	RT @MohiDopamin: و خاک بر سر رسانه های به اصطلاح آزاد و ماله کش ما که هیچوقت جرات و شجاعت انتقاد و تازیدن به وضع موجود رو نداشته و ندارن.…
84	"RT @elia12420: با افتتاح فاز سوم سد کمال خان در استان نیمروز افغانستان
دیگه چیزی به نام کشاورزی،دامداری،صید ماهی و نیزارهای هامون برای منطق…"
85	"RT @elia12420: با افتتاح فاز سوم سد کمال خان در استان نیمروز افغانستان
دیگه چیزی به نام کشاورزی،دامداری،صید ماهی و نیزارهای هامون برای منطق…"
86	"RT @elia12420: اشرف غنی فاز سوم سد کمال خان رو روی هیرمند افتتاح کرد
با این کار عملا آبی سمت دریاچه هامون و دشت سیستان نمیاد
یعنی نابودی من…"
87	RT @elierfan1: شرافت درازای آب چه گزاف به قیمت شرافت وجان 😢 #سیستان_بلوچستان_آب_ندارد مسئولین بی کفایت وبی غیرت کلاه بی غیرتی سرتان کنید زن…
88	RT @elierfan1: امشب تلخ مینویسم زیراکه حکایتی واقعی وتلخ اتفاق افتاده که #سیستان_بلوچستان_آب_ندارد ومادری تاب وتوان دیدن تشنگی فرزندانش ران…
89	"RT @elia12420: اشرف غنی فاز سوم سد کمال خان رو روی هیرمند افتتاح کرد
با این کار عملا آبی سمت دریاچه هامون و دشت سیستان نمیاد
یعنی نابودی من…"
90	"RT @elia12420: اشرف غنی فاز سوم سد کمال خان رو روی هیرمند افتتاح کرد
با این کار عملا آبی سمت دریاچه هامون و دشت سیستان نمیاد
یعنی نابودی من…"
91	"RT @elia12420: اشرف غنی فاز سوم سد کمال خان رو روی هیرمند افتتاح کرد
با این کار عملا آبی سمت دریاچه هامون و دشت سیستان نمیاد
یعنی نابودی من…"
92	"RT @elia12420: اشرف غنی فاز سوم سد کمال خان رو روی هیرمند افتتاح کرد
با این کار عملا آبی سمت دریاچه هامون و دشت سیستان نمیاد
یعنی نابودی من…"
93	"RT @elia12420: با افتتاح فاز سوم سد کمال خان در استان نیمروز افغانستان
دیگه چیزی به نام کشاورزی،دامداری،صید ماهی و نیزارهای هامون برای منطق…"
94	"RT @elia12420: اشرف غنی فاز سوم سد کمال خان رو روی هیرمند افتتاح کرد
با این کار عملا آبی سمت دریاچه هامون و دشت سیستان نمیاد
یعنی نابودی من…"
95	"RT @elia12420: اشرف غنی فاز سوم سد کمال خان رو روی هیرمند افتتاح کرد
با این کار عملا آبی سمت دریاچه هامون و دشت سیستان نمیاد
یعنی نابودی من…"
96	"RT @elia12420: اشرف غنی فاز سوم سد کمال خان رو روی هیرمند افتتاح کرد
با این کار عملا آبی سمت دریاچه هامون و دشت سیستان نمیاد
یعنی نابودی من…"
97	"RT @elia12420: با افتتاح فاز سوم سد کمال خان در استان نیمروز افغانستان
دیگه چیزی به نام کشاورزی،دامداری،صید ماهی و نیزارهای هامون برای منطق…"
98	RT @Ziyaoddin_Dn: #نماینده_چابهار خطاب به دولت:دیگر دوران پاک کردن صورت سوال تمام شده است. دیگر فریاد تشنگی مردم جنوب صدای بلند مردم ایران…
99	"RT @elia12420: اشرف غنی فاز سوم سد کمال خان رو روی هیرمند افتتاح کرد
با این کار عملا آبی سمت دریاچه هامون و دشت سیستان نمیاد
یعنی نابودی من…"
100	"RT @elia12420: با افتتاح فاز سوم سد کمال خان در استان نیمروز افغانستان
دیگه چیزی به نام کشاورزی،دامداری،صید ماهی و نیزارهای هامون برای منطق…"
101	"RT @elia12420: اشرف غنی فاز سوم سد کمال خان رو روی هیرمند افتتاح کرد
با این کار عملا آبی سمت دریاچه هامون و دشت سیستان نمیاد
یعنی نابودی من…"
102	"RT @elia12420: با افتتاح فاز سوم سد کمال خان در استان نیمروز افغانستان
دیگه چیزی به نام کشاورزی،دامداری،صید ماهی و نیزارهای هامون برای منطق…"
103	"RT @elia12420: با افتتاح فاز سوم سد کمال خان در استان نیمروز افغانستان
دیگه چیزی به نام کشاورزی،دامداری،صید ماهی و نیزارهای هامون برای منطق…"
104	"RT @elia12420: اشرف غنی فاز سوم سد کمال خان رو روی هیرمند افتتاح کرد
با این کار عملا آبی سمت دریاچه هامون و دشت سیستان نمیاد
یعنی نابودی من…"
105	"RT @elia12420: اشرف غنی فاز سوم سد کمال خان رو روی هیرمند افتتاح کرد
با این کار عملا آبی سمت دریاچه هامون و دشت سیستان نمیاد
یعنی نابودی من…"
106	"RT @elia12420: اشرف غنی فاز سوم سد کمال خان رو روی هیرمند افتتاح کرد
با این کار عملا آبی سمت دریاچه هامون و دشت سیستان نمیاد
یعنی نابودی من…"
107	"RT @elia12420: اشرف غنی فاز سوم سد کمال خان رو روی هیرمند افتتاح کرد
با این کار عملا آبی سمت دریاچه هامون و دشت سیستان نمیاد
یعنی نابودی من…"
108	RT @Ziyaoddin_Dn: #نماینده_چابهار خطاب به دولت:دیگر دوران پاک کردن صورت سوال تمام شده است. دیگر فریاد تشنگی مردم جنوب صدای بلند مردم ایران…
109	"RT @elia12420: با افتتاح فاز سوم سد کمال خان در استان نیمروز افغانستان
دیگه چیزی به نام کشاورزی،دامداری،صید ماهی و نیزارهای هامون برای منطق…"
110	"RT @elia12420: با افتتاح فاز سوم سد کمال خان در استان نیمروز افغانستان
دیگه چیزی به نام کشاورزی،دامداری،صید ماهی و نیزارهای هامون برای منطق…"
111	"RT @elia12420: اشرف غنی فاز سوم سد کمال خان رو روی هیرمند افتتاح کرد
با این کار عملا آبی سمت دریاچه هامون و دشت سیستان نمیاد
یعنی نابودی من…"
112	"RT @elia12420: اشرف غنی فاز سوم سد کمال خان رو روی هیرمند افتتاح کرد
با این کار عملا آبی سمت دریاچه هامون و دشت سیستان نمیاد
یعنی نابودی من…"
113	"RT @elia12420: با افتتاح فاز سوم سد کمال خان در استان نیمروز افغانستان
دیگه چیزی به نام کشاورزی،دامداری،صید ماهی و نیزارهای هامون برای منطق…"
114	"RT @elia12420: با افتتاح فاز سوم سد کمال خان در استان نیمروز افغانستان
دیگه چیزی به نام کشاورزی،دامداری،صید ماهی و نیزارهای هامون برای منطق…"
115	"RT @elia12420: با افتتاح فاز سوم سد کمال خان در استان نیمروز افغانستان
دیگه چیزی به نام کشاورزی،دامداری،صید ماهی و نیزارهای هامون برای منطق…"
116	"RT @elia12420: با افتتاح فاز سوم سد کمال خان در استان نیمروز افغانستان
دیگه چیزی به نام کشاورزی،دامداری،صید ماهی و نیزارهای هامون برای منطق…"
117	"RT @elia12420: اشرف غنی فاز سوم سد کمال خان رو روی هیرمند افتتاح کرد
با این کار عملا آبی سمت دریاچه هامون و دشت سیستان نمیاد
یعنی نابودی من…"
118	"RT @elia12420: با افتتاح فاز سوم سد کمال خان در استان نیمروز افغانستان
دیگه چیزی به نام کشاورزی،دامداری،صید ماهی و نیزارهای هامون برای منطق…"
119	"RT @mo_balouch: صحبت های #سعیدی در تشنگی مردم #سیستان_وبلوچستان با واکنش و تکذیب سریع و سه معاون سیاسی وزیر روبه رو شد
در عجبم کمتر از 24سا…"
120	"RT @elia12420: اشرف غنی فاز سوم سد کمال خان رو روی هیرمند افتتاح کرد
با این کار عملا آبی سمت دریاچه هامون و دشت سیستان نمیاد
یعنی نابودی من…"
121	"RT @elia12420: با افتتاح فاز سوم سد کمال خان در استان نیمروز افغانستان
دیگه چیزی به نام کشاورزی،دامداری،صید ماهی و نیزارهای هامون برای منطق…"
122	"RT @elia12420: اشرف غنی فاز سوم سد کمال خان رو روی هیرمند افتتاح کرد
با این کار عملا آبی سمت دریاچه هامون و دشت سیستان نمیاد
یعنی نابودی من…"
123	"RT @elia12420: اشرف غنی فاز سوم سد کمال خان رو روی هیرمند افتتاح کرد
با این کار عملا آبی سمت دریاچه هامون و دشت سیستان نمیاد
یعنی نابودی من…"
124	RT @Ziyaoddin_Dn: #نماینده_چابهار خطاب به دولت:دیگر دوران پاک کردن صورت سوال تمام شده است. دیگر فریاد تشنگی مردم جنوب صدای بلند مردم ایران…
125	RT @Ziyaoddin_Dn: #نماینده_چابهار خطاب به دولت:دیگر دوران پاک کردن صورت سوال تمام شده است. دیگر فریاد تشنگی مردم جنوب صدای بلند مردم ایران…
126	"RT @elia12420: با افتتاح فاز سوم سد کمال خان در استان نیمروز افغانستان
دیگه چیزی به نام کشاورزی،دامداری،صید ماهی و نیزارهای هامون برای منطق…"
127	"RT @elia12420: اشرف غنی فاز سوم سد کمال خان رو روی هیرمند افتتاح کرد
با این کار عملا آبی سمت دریاچه هامون و دشت سیستان نمیاد
یعنی نابودی من…"
128	"RT @elia12420: با افتتاح فاز سوم سد کمال خان در استان نیمروز افغانستان
دیگه چیزی به نام کشاورزی،دامداری،صید ماهی و نیزارهای هامون برای منطق…"
129	"RT @elia12420: اشرف غنی فاز سوم سد کمال خان رو روی هیرمند افتتاح کرد
با این کار عملا آبی سمت دریاچه هامون و دشت سیستان نمیاد
یعنی نابودی من…"
130	"RT @elia12420: با افتتاح فاز سوم سد کمال خان در استان نیمروز افغانستان
دیگه چیزی به نام کشاورزی،دامداری،صید ماهی و نیزارهای هامون برای منطق…"
131	"RT @elia12420: با افتتاح فاز سوم سد کمال خان در استان نیمروز افغانستان
دیگه چیزی به نام کشاورزی،دامداری،صید ماهی و نیزارهای هامون برای منطق…"
132	"RT @elia12420: با افتتاح فاز سوم سد کمال خان در استان نیمروز افغانستان
دیگه چیزی به نام کشاورزی،دامداری،صید ماهی و نیزارهای هامون برای منطق…"
133	"RT @elia12420: با افتتاح فاز سوم سد کمال خان در استان نیمروز افغانستان
دیگه چیزی به نام کشاورزی،دامداری،صید ماهی و نیزارهای هامون برای منطق…"
134	"RT @elia12420: اشرف غنی فاز سوم سد کمال خان رو روی هیرمند افتتاح کرد
با این کار عملا آبی سمت دریاچه هامون و دشت سیستان نمیاد
یعنی نابودی من…"
135	RT @Ziyaoddin_Dn: #نماینده_چابهار خطاب به دولت:دیگر دوران پاک کردن صورت سوال تمام شده است. دیگر فریاد تشنگی مردم جنوب صدای بلند مردم ایران…
136	"RT @elia12420: اشرف غنی فاز سوم سد کمال خان رو روی هیرمند افتتاح کرد
با این کار عملا آبی سمت دریاچه هامون و دشت سیستان نمیاد
یعنی نابودی من…"
137	RT @elierfan1: امشب تلخ مینویسم زیراکه حکایتی واقعی وتلخ اتفاق افتاده که #سیستان_بلوچستان_آب_ندارد ومادری تاب وتوان دیدن تشنگی فرزندانش ران…
138	"RT @elia12420: اشرف غنی فاز سوم سد کمال خان رو روی هیرمند افتتاح کرد
با این کار عملا آبی سمت دریاچه هامون و دشت سیستان نمیاد
یعنی نابودی من…"
139	"RT @elia12420: با افتتاح فاز سوم سد کمال خان در استان نیمروز افغانستان
دیگه چیزی به نام کشاورزی،دامداری،صید ماهی و نیزارهای هامون برای منطق…"
140	"RT @elia12420: با افتتاح فاز سوم سد کمال خان در استان نیمروز افغانستان
دیگه چیزی به نام کشاورزی،دامداری،صید ماهی و نیزارهای هامون برای منطق…"
141	"RT @elia12420: اشرف غنی فاز سوم سد کمال خان رو روی هیرمند افتتاح کرد
با این کار عملا آبی سمت دریاچه هامون و دشت سیستان نمیاد
یعنی نابودی من…"
142	"RT @elia12420: با افتتاح فاز سوم سد کمال خان در استان نیمروز افغانستان
دیگه چیزی به نام کشاورزی،دامداری،صید ماهی و نیزارهای هامون برای منطق…"
143	"RT @elia12420: با افتتاح فاز سوم سد کمال خان در استان نیمروز افغانستان
دیگه چیزی به نام کشاورزی،دامداری،صید ماهی و نیزارهای هامون برای منطق…"
144	"RT @elia12420: اشرف غنی فاز سوم سد کمال خان رو روی هیرمند افتتاح کرد
با این کار عملا آبی سمت دریاچه هامون و دشت سیستان نمیاد
یعنی نابودی من…"
145	"RT @elia12420: با افتتاح فاز سوم سد کمال خان در استان نیمروز افغانستان
دیگه چیزی به نام کشاورزی،دامداری،صید ماهی و نیزارهای هامون برای منطق…"
146	"RT @elia12420: اشرف غنی فاز سوم سد کمال خان رو روی هیرمند افتتاح کرد
با این کار عملا آبی سمت دریاچه هامون و دشت سیستان نمیاد
یعنی نابودی من…"
147	"RT @elia12420: اشرف غنی فاز سوم سد کمال خان رو روی هیرمند افتتاح کرد
با این کار عملا آبی سمت دریاچه هامون و دشت سیستان نمیاد
یعنی نابودی من…"
148	"RT @elia12420: اشرف غنی فاز سوم سد کمال خان رو روی هیرمند افتتاح کرد
با این کار عملا آبی سمت دریاچه هامون و دشت سیستان نمیاد
یعنی نابودی من…"
149	"RT @elia12420: با افتتاح فاز سوم سد کمال خان در استان نیمروز افغانستان
دیگه چیزی به نام کشاورزی،دامداری،صید ماهی و نیزارهای هامون برای منطق…"
150	"RT @elia12420: با افتتاح فاز سوم سد کمال خان در استان نیمروز افغانستان
دیگه چیزی به نام کشاورزی،دامداری،صید ماهی و نیزارهای هامون برای منطق…"
151	"RT @elia12420: با افتتاح فاز سوم سد کمال خان در استان نیمروز افغانستان
دیگه چیزی به نام کشاورزی،دامداری،صید ماهی و نیزارهای هامون برای منطق…"
152	"RT @elia12420: اشرف غنی فاز سوم سد کمال خان رو روی هیرمند افتتاح کرد
با این کار عملا آبی سمت دریاچه هامون و دشت سیستان نمیاد
یعنی نابودی من…"
153	"RT @elia12420: با افتتاح فاز سوم سد کمال خان در استان نیمروز افغانستان
دیگه چیزی به نام کشاورزی،دامداری،صید ماهی و نیزارهای هامون برای منطق…"
154	"RT @elia12420: اشرف غنی فاز سوم سد کمال خان رو روی هیرمند افتتاح کرد
با این کار عملا آبی سمت دریاچه هامون و دشت سیستان نمیاد
یعنی نابودی من…"
155	"RT @elia12420: با افتتاح فاز سوم سد کمال خان در استان نیمروز افغانستان
دیگه چیزی به نام کشاورزی،دامداری،صید ماهی و نیزارهای هامون برای منطق…"
156	"RT @elia12420: با افتتاح فاز سوم سد کمال خان در استان نیمروز افغانستان
دیگه چیزی به نام کشاورزی،دامداری،صید ماهی و نیزارهای هامون برای منطق…"
157	"RT @elia12420: با افتتاح فاز سوم سد کمال خان در استان نیمروز افغانستان
دیگه چیزی به نام کشاورزی،دامداری،صید ماهی و نیزارهای هامون برای منطق…"
158	"RT @elia12420: با افتتاح فاز سوم سد کمال خان در استان نیمروز افغانستان
دیگه چیزی به نام کشاورزی،دامداری،صید ماهی و نیزارهای هامون برای منطق…"
159	"RT @elia12420: با افتتاح فاز سوم سد کمال خان در استان نیمروز افغانستان
دیگه چیزی به نام کشاورزی،دامداری،صید ماهی و نیزارهای هامون برای منطق…"
160	"RT @elia12420: با افتتاح فاز سوم سد کمال خان در استان نیمروز افغانستان
دیگه چیزی به نام کشاورزی،دامداری،صید ماهی و نیزارهای هامون برای منطق…"
161	"RT @elia12420: با افتتاح فاز سوم سد کمال خان در استان نیمروز افغانستان
دیگه چیزی به نام کشاورزی،دامداری،صید ماهی و نیزارهای هامون برای منطق…"
162	"RT @elia12420: اشرف غنی فاز سوم سد کمال خان رو روی هیرمند افتتاح کرد
با این کار عملا آبی سمت دریاچه هامون و دشت سیستان نمیاد
یعنی نابودی من…"
163	"RT @elia12420: با افتتاح فاز سوم سد کمال خان در استان نیمروز افغانستان
دیگه چیزی به نام کشاورزی،دامداری،صید ماهی و نیزارهای هامون برای منطق…"
164	"RT @elia12420: با افتتاح فاز سوم سد کمال خان در استان نیمروز افغانستان
دیگه چیزی به نام کشاورزی،دامداری،صید ماهی و نیزارهای هامون برای منطق…"
165	@1372ramona @mohammademali برکه های آب در سیستان که محل خوردن آب برای حیوانات و جانوران است ولی سالهاست که مردم به… https://t.co/8bh0PyNLsn
166	"RT @elia12420: با افتتاح فاز سوم سد کمال خان در استان نیمروز افغانستان
دیگه چیزی به نام کشاورزی،دامداری،صید ماهی و نیزارهای هامون برای منطق…"
167	"RT @elia12420: با افتتاح فاز سوم سد کمال خان در استان نیمروز افغانستان
دیگه چیزی به نام کشاورزی،دامداری،صید ماهی و نیزارهای هامون برای منطق…"
168	"RT @elia12420: اشرف غنی فاز سوم سد کمال خان رو روی هیرمند افتتاح کرد
با این کار عملا آبی سمت دریاچه هامون و دشت سیستان نمیاد
یعنی نابودی من…"
169	RT @mownten: نمیدونیم ناراحت #هواپیمای_اوکراینی #PS752 باشیم یا #نوید_افکاری یا #اختلاس‌ یا #انسولين یا #کرونا یا #سیل یا #دختر_آبادانی یا…
170	"RT @elia12420: با افتتاح فاز سوم سد کمال خان در استان نیمروز افغانستان
دیگه چیزی به نام کشاورزی،دامداری،صید ماهی و نیزارهای هامون برای منطق…"
171	"RT @elia12420: با افتتاح فاز سوم سد کمال خان در استان نیمروز افغانستان
دیگه چیزی به نام کشاورزی،دامداری،صید ماهی و نیزارهای هامون برای منطق…"
172	"RT @elia12420: با افتتاح فاز سوم سد کمال خان در استان نیمروز افغانستان
دیگه چیزی به نام کشاورزی،دامداری،صید ماهی و نیزارهای هامون برای منطق…"
173	"RT @elia12420: با افتتاح فاز سوم سد کمال خان در استان نیمروز افغانستان
دیگه چیزی به نام کشاورزی،دامداری،صید ماهی و نیزارهای هامون برای منطق…"
174	"RT @elia12420: با افتتاح فاز سوم سد کمال خان در استان نیمروز افغانستان
دیگه چیزی به نام کشاورزی،دامداری،صید ماهی و نیزارهای هامون برای منطق…"
175	"RT @elia12420: با افتتاح فاز سوم سد کمال خان در استان نیمروز افغانستان
دیگه چیزی به نام کشاورزی،دامداری،صید ماهی و نیزارهای هامون برای منطق…"
176	"RT @elia12420: با افتتاح فاز سوم سد کمال خان در استان نیمروز افغانستان
دیگه چیزی به نام کشاورزی،دامداری،صید ماهی و نیزارهای هامون برای منطق…"
177	"RT @elia12420: اشرف غنی فاز سوم سد کمال خان رو روی هیرمند افتتاح کرد
با این کار عملا آبی سمت دریاچه هامون و دشت سیستان نمیاد
یعنی نابودی من…"
178	"RT @elia12420: اشرف غنی فاز سوم سد کمال خان رو روی هیرمند افتتاح کرد
با این کار عملا آبی سمت دریاچه هامون و دشت سیستان نمیاد
یعنی نابودی من…"
179	"RT @elia12420: با افتتاح فاز سوم سد کمال خان در استان نیمروز افغانستان
دیگه چیزی به نام کشاورزی،دامداری،صید ماهی و نیزارهای هامون برای منطق…"
180	"RT @elia12420: با افتتاح فاز سوم سد کمال خان در استان نیمروز افغانستان
دیگه چیزی به نام کشاورزی،دامداری،صید ماهی و نیزارهای هامون برای منطق…"
181	"RT @elia12420: با افتتاح فاز سوم سد کمال خان در استان نیمروز افغانستان
دیگه چیزی به نام کشاورزی،دامداری،صید ماهی و نیزارهای هامون برای منطق…"
182	"اشرف غنی فاز سوم سد کمال خان رو روی هیرمند افتتاح کرد
با این کار عملا آبی سمت دریاچه هامون و دشت سیستان نمیاد
یعنی… https://t.co/Fz0zStd8Jl"
183	"RT @elia12420: اشرف غنی فاز سوم سد کمال خان رو روی هیرمند افتتاح کرد
با این کار عملا آبی سمت دریاچه هامون و دشت سیستان نمیاد
یعنی نابودی من…"
184	"RT @elia12420: با افتتاح فاز سوم سد کمال خان در استان نیمروز افغانستان
دیگه چیزی به نام کشاورزی،دامداری،صید ماهی و نیزارهای هامون برای منطق…"
185	"RT @elia12420: با افتتاح فاز سوم سد کمال خان در استان نیمروز افغانستان
دیگه چیزی به نام کشاورزی،دامداری،صید ماهی و نیزارهای هامون برای منطق…"
186	"RT @elia12420: با افتتاح فاز سوم سد کمال خان در استان نیمروز افغانستان
دیگه چیزی به نام کشاورزی،دامداری،صید ماهی و نیزارهای هامون برای منطق…"
187	"RT @elia12420: با افتتاح فاز سوم سد کمال خان در استان نیمروز افغانستان
دیگه چیزی به نام کشاورزی،دامداری،صید ماهی و نیزارهای هامون برای منطق…"
188	"RT @elia12420: اشرف غنی فاز سوم سد کمال خان رو روی هیرمند افتتاح کرد
با این کار عملا آبی سمت دریاچه هامون و دشت سیستان نمیاد
یعنی نابودی من…"
189	"RT @elia12420: با افتتاح فاز سوم سد کمال خان در استان نیمروز افغانستان
دیگه چیزی به نام کشاورزی،دامداری،صید ماهی و نیزارهای هامون برای منطق…"
190	"RT @elia12420: اشرف غنی فاز سوم سد کمال خان رو روی هیرمند افتتاح کرد
با این کار عملا آبی سمت دریاچه هامون و دشت سیستان نمیاد
یعنی نابودی من…"
191	"RT @elia12420: با افتتاح فاز سوم سد کمال خان در استان نیمروز افغانستان
دیگه چیزی به نام کشاورزی،دامداری،صید ماهی و نیزارهای هامون برای منطق…"
192	"RT @elia12420: با افتتاح فاز سوم سد کمال خان در استان نیمروز افغانستان
دیگه چیزی به نام کشاورزی،دامداری،صید ماهی و نیزارهای هامون برای منطق…"
193	"RT @elia12420: با افتتاح فاز سوم سد کمال خان در استان نیمروز افغانستان
دیگه چیزی به نام کشاورزی،دامداری،صید ماهی و نیزارهای هامون برای منطق…"
194	"RT @elia12420: با افتتاح فاز سوم سد کمال خان در استان نیمروز افغانستان
دیگه چیزی به نام کشاورزی،دامداری،صید ماهی و نیزارهای هامون برای منطق…"
195	"RT @elia12420: اشرف غنی فاز سوم سد کمال خان رو روی هیرمند افتتاح کرد
با این کار عملا آبی سمت دریاچه هامون و دشت سیستان نمیاد
یعنی نابودی من…"
196	"RT @elia12420: با افتتاح فاز سوم سد کمال خان در استان نیمروز افغانستان
دیگه چیزی به نام کشاورزی،دامداری،صید ماهی و نیزارهای هامون برای منطق…"
197	"با افتتاح فاز سوم سد کمال خان در استان نیمروز افغانستان
دیگه چیزی به نام کشاورزی،دامداری،صید ماهی و نیزارهای هامون… https://t.co/ITBOuxSc9X"
198	"RT @elia12420: اشرف غنی فاز سوم سد کمال خان رو روی هیرمند افتتاح کرد
با این کار عملا آبی سمت دریاچه هامون و دشت سیستان نمیاد
یعنی نابودی من…"
199	"RT @elia12420: اشرف غنی فاز سوم سد کمال خان رو روی هیرمند افتتاح کرد
با این کار عملا آبی سمت دریاچه هامون و دشت سیستان نمیاد
یعنی نابودی من…"
200	"RT @elia12420: اشرف غنی فاز سوم سد کمال خان رو روی هیرمند افتتاح کرد
با این کار عملا آبی سمت دریاچه هامون و دشت سیستان نمیاد
یعنی نابودی من…"
201	#نماینده_چابهار خطاب به دولت:دیگر دوران پاک کردن صورت سوال تمام شده است. دیگر فریاد تشنگی مردم جنوب صدای بلند مردم… https://t.co/GuTAcucdX7
202	"RT @elia12420: اشرف غنی فاز سوم سد کمال خان رو روی هیرمند افتتاح کرد
با این کار عملا آبی سمت دریاچه هامون و دشت سیستان نمیاد
یعنی نابودی من…"
203	"RT @elia12420: اشرف غنی فاز سوم سد کمال خان رو روی هیرمند افتتاح کرد
با این کار عملا آبی سمت دریاچه هامون و دشت سیستان نمیاد
یعنی نابودی من…"
204	"RT @elia12420: اشرف غنی فاز سوم سد کمال خان رو روی هیرمند افتتاح کرد
با این کار عملا آبی سمت دریاچه هامون و دشت سیستان نمیاد
یعنی نابودی من…"
205	"RT @elia12420: اشرف غنی فاز سوم سد کمال خان رو روی هیرمند افتتاح کرد
با این کار عملا آبی سمت دریاچه هامون و دشت سیستان نمیاد
یعنی نابودی من…"
206	"RT @elia12420: اشرف غنی فاز سوم سد کمال خان رو روی هیرمند افتتاح کرد
با این کار عملا آبی سمت دریاچه هامون و دشت سیستان نمیاد
یعنی نابودی من…"
207	"RT @elia12420: اشرف غنی فاز سوم سد کمال خان رو روی هیرمند افتتاح کرد
با این کار عملا آبی سمت دریاچه هامون و دشت سیستان نمیاد
یعنی نابودی من…"
208	"RT @elia12420: اشرف غنی فاز سوم سد کمال خان رو روی هیرمند افتتاح کرد
با این کار عملا آبی سمت دریاچه هامون و دشت سیستان نمیاد
یعنی نابودی من…"
209	"RT @elia12420: اشرف غنی فاز سوم سد کمال خان رو روی هیرمند افتتاح کرد
با این کار عملا آبی سمت دریاچه هامون و دشت سیستان نمیاد
یعنی نابودی من…"
210	"RT @elia12420: اشرف غنی فاز سوم سد کمال خان رو روی هیرمند افتتاح کرد
با این کار عملا آبی سمت دریاچه هامون و دشت سیستان نمیاد
یعنی نابودی من…"
211	"RT @elia12420: اشرف غنی فاز سوم سد کمال خان رو روی هیرمند افتتاح کرد
با این کار عملا آبی سمت دریاچه هامون و دشت سیستان نمیاد
یعنی نابودی من…"
212	"RT @elia12420: اشرف غنی فاز سوم سد کمال خان رو روی هیرمند افتتاح کرد
با این کار عملا آبی سمت دریاچه هامون و دشت سیستان نمیاد
یعنی نابودی من…"
213	"RT @elia12420: اشرف غنی فاز سوم سد کمال خان رو روی هیرمند افتتاح کرد
با این کار عملا آبی سمت دریاچه هامون و دشت سیستان نمیاد
یعنی نابودی من…"
214	"RT @elia12420: اشرف غنی فاز سوم سد کمال خان رو روی هیرمند افتتاح کرد
با این کار عملا آبی سمت دریاچه هامون و دشت سیستان نمیاد
یعنی نابودی من…"
215	"RT @elia12420: اشرف غنی فاز سوم سد کمال خان رو روی هیرمند افتتاح کرد
با این کار عملا آبی سمت دریاچه هامون و دشت سیستان نمیاد
یعنی نابودی من…"
216	"RT @elia12420: اشرف غنی فاز سوم سد کمال خان رو روی هیرمند افتتاح کرد
با این کار عملا آبی سمت دریاچه هامون و دشت سیستان نمیاد
یعنی نابودی من…"
217	"RT @elia12420: اشرف غنی فاز سوم سد کمال خان رو روی هیرمند افتتاح کرد
با این کار عملا آبی سمت دریاچه هامون و دشت سیستان نمیاد
یعنی نابودی من…"
218	"RT @elia12420: اشرف غنی فاز سوم سد کمال خان رو روی هیرمند افتتاح کرد
با این کار عملا آبی سمت دریاچه هامون و دشت سیستان نمیاد
یعنی نابودی من…"
219	"RT @elia12420: اشرف غنی فاز سوم سد کمال خان رو روی هیرمند افتتاح کرد
با این کار عملا آبی سمت دریاچه هامون و دشت سیستان نمیاد
یعنی نابودی من…"
220	@patrick_jane77 شلدون جان اگر صدا و سیما و دستگاه تبلیغاتی رژیم ،عمل غیرانسانی یک حراستی را پوشش میدن علتش ایز گم ک… https://t.co/SNuW4MKvYM
221	RT @elierfan1: امشب تلخ مینویسم زیراکه حکایتی واقعی وتلخ اتفاق افتاده که #سیستان_بلوچستان_آب_ندارد ومادری تاب وتوان دیدن تشنگی فرزندانش ران…
222	"RT @elia12420: اشرف غنی فاز سوم سد کمال خان رو روی هیرمند افتتاح کرد
با این کار عملا آبی سمت دریاچه هامون و دشت سیستان نمیاد
یعنی نابودی من…"
223	"RT @elia12420: اشرف غنی فاز سوم سد کمال خان رو روی هیرمند افتتاح کرد
با این کار عملا آبی سمت دریاچه هامون و دشت سیستان نمیاد
یعنی نابودی من…"
224	RT @elierfan1: امشب تلخ مینویسم زیراکه حکایتی واقعی وتلخ اتفاق افتاده که #سیستان_بلوچستان_آب_ندارد ومادری تاب وتوان دیدن تشنگی فرزندانش ران…
225	"RT @elia12420: اشرف غنی فاز سوم سد کمال خان رو روی هیرمند افتتاح کرد
با این کار عملا آبی سمت دریاچه هامون و دشت سیستان نمیاد
یعنی نابودی من…"
226	"RT @elia12420: اشرف غنی فاز سوم سد کمال خان رو روی هیرمند افتتاح کرد
با این کار عملا آبی سمت دریاچه هامون و دشت سیستان نمیاد
یعنی نابودی من…"
227	"RT @elia12420: اشرف غنی فاز سوم سد کمال خان رو روی هیرمند افتتاح کرد
با این کار عملا آبی سمت دریاچه هامون و دشت سیستان نمیاد
یعنی نابودی من…"
228	"RT @elia12420: اشرف غنی فاز سوم سد کمال خان رو روی هیرمند افتتاح کرد
با این کار عملا آبی سمت دریاچه هامون و دشت سیستان نمیاد
یعنی نابودی من…"
229	RT @elierfan1: امشب تلخ مینویسم زیراکه حکایتی واقعی وتلخ اتفاق افتاده که #سیستان_بلوچستان_آب_ندارد ومادری تاب وتوان دیدن تشنگی فرزندانش ران…
230	"RT @elia12420: اشرف غنی فاز سوم سد کمال خان رو روی هیرمند افتتاح کرد
با این کار عملا آبی سمت دریاچه هامون و دشت سیستان نمیاد
یعنی نابودی من…"
231	"RT @elia12420: اشرف غنی فاز سوم سد کمال خان رو روی هیرمند افتتاح کرد
با این کار عملا آبی سمت دریاچه هامون و دشت سیستان نمیاد
یعنی نابودی من…"
232	RT @elierfan1: امشب تلخ مینویسم زیراکه حکایتی واقعی وتلخ اتفاق افتاده که #سیستان_بلوچستان_آب_ندارد ومادری تاب وتوان دیدن تشنگی فرزندانش ران…
233	"RT @elia12420: اشرف غنی فاز سوم سد کمال خان رو روی هیرمند افتتاح کرد
با این کار عملا آبی سمت دریاچه هامون و دشت سیستان نمیاد
یعنی نابودی من…"
234	"RT @elia12420: اشرف غنی فاز سوم سد کمال خان رو روی هیرمند افتتاح کرد
با این کار عملا آبی سمت دریاچه هامون و دشت سیستان نمیاد
یعنی نابودی من…"
235	"RT @elia12420: اشرف غنی فاز سوم سد کمال خان رو روی هیرمند افتتاح کرد
با این کار عملا آبی سمت دریاچه هامون و دشت سیستان نمیاد
یعنی نابودی من…"
236	"RT @elia12420: اشرف غنی فاز سوم سد کمال خان رو روی هیرمند افتتاح کرد
با این کار عملا آبی سمت دریاچه هامون و دشت سیستان نمیاد
یعنی نابودی من…"
237	"RT @elia12420: اشرف غنی فاز سوم سد کمال خان رو روی هیرمند افتتاح کرد
با این کار عملا آبی سمت دریاچه هامون و دشت سیستان نمیاد
یعنی نابودی من…"
238	"RT @elia12420: اشرف غنی فاز سوم سد کمال خان رو روی هیرمند افتتاح کرد
با این کار عملا آبی سمت دریاچه هامون و دشت سیستان نمیاد
یعنی نابودی من…"
239	"RT @elia12420: اشرف غنی فاز سوم سد کمال خان رو روی هیرمند افتتاح کرد
با این کار عملا آبی سمت دریاچه هامون و دشت سیستان نمیاد
یعنی نابودی من…"
240	"RT @elia12420: اشرف غنی فاز سوم سد کمال خان رو روی هیرمند افتتاح کرد
با این کار عملا آبی سمت دریاچه هامون و دشت سیستان نمیاد
یعنی نابودی من…"
241	"اشرف غنی فاز سوم سد کمال خان رو روی هیرمند افتتاح کرد
با این کار عملا آبی سمت دریاچه هامون و دشت سیستان نمیاد
یعنی… https://t.co/wjYwPTfWlk"
242	و خاک بر سر رسانه های به اصطلاح آزاد و ماله کش ما که هیچوقت جرات و شجاعت انتقاد و تازیدن به وضع موجود رو نداشته و ن… https://t.co/HzoMJluI7A
243	RT @elierfan1: سخت است دیدن تشنگی فرزندان برای مادری که تمام شرافتش رابه بهای سنگین آب به مردی میفروشد #سیستان_بلوچستان_آب_ندارد
244	RT @elierfan1: سخت است دیدن تشنگی فرزندان برای مادری که تمام شرافتش رابه بهای سنگین آب به مردی میفروشد #سیستان_بلوچستان_آب_ندارد
245	RT @zari_kashani: من که منتظرم اون زنیکه آمنه سادات ذبیح پور بیاد یه مصاحبه با #دختر_آبادان انجام بده و کلا حقیقت رو پایمال کنه ولی کاش یه…
246	من که منتظرم اون زنیکه آمنه سادات ذبیح پور بیاد یه مصاحبه با #دختر_آبادان انجام بده و کلا حقیقت رو پایمال کنه ولی ک… https://t.co/XRO8gl2tUH
247	RT @mownten: نمیدونیم ناراحت #هواپیمای_اوکراینی #PS752 باشیم یا #نوید_افکاری یا #اختلاس‌ یا #انسولين یا #کرونا یا #سیل یا #دختر_آبادانی یا…
248	نمیدونیم ناراحت #هواپیمای_اوکراینی #PS752 باشیم یا #نوید_افکاری یا #اختلاس‌ یا #انسولين یا #کرونا یا #سیل یا… https://t.co/CuEZfDJcMQ
249	RT @ami_nature: استان سیستان و بلوچستان استان بدبختی هست. فقر وحشتناک فرهنگی و مالی  همراه با خشکسالی و  مواد مخدر و قاچاق و... در آن موج م…
250	"رفقا بیخیال این کلیپ و این خبر بشین...
خبرایی مثل مهاجرت فلان خواننده به نظرم
مهمتر از تشنگی یه سری خانواده است...… https://t.co/v1CTuHgXJm"
251	RT @Amirraghaa: توی سیستان یه زن به خاطر آب تن‌فروشی می‌کنه تا بچه‌هاش تشنگی نکشن توی آبادان به یه دختر تجاوز می‌کنن بعد خانواده یارو دخترو…
252	"RT @mo_balouch: صحبت های #سعیدی در تشنگی مردم #سیستان_وبلوچستان با واکنش و تکذیب سریع و سه معاون سیاسی وزیر روبه رو شد
در عجبم کمتر از 24سا…"
253	"RT @mo_balouch: صحبت های #سعیدی در تشنگی مردم #سیستان_وبلوچستان با واکنش و تکذیب سریع و سه معاون سیاسی وزیر روبه رو شد
در عجبم کمتر از 24سا…"
254	RT @Barbaro1115: @PadDolat نکته مهم که در مورد خودکشی یک خانم هم وطن سیستانی وجود داره و معاون وزاررررت داخله از نماینده شکایت کرده اینه که…
255	@PadDolat نکته مهم که در مورد خودکشی یک خانم هم وطن سیستانی وجود داره و معاون وزاررررت داخله از نماینده شکایت کرده… https://t.co/28mVemDl81
256	RT @Amirraghaa: توی سیستان یه زن به خاطر آب تن‌فروشی می‌کنه تا بچه‌هاش تشنگی نکشن توی آبادان به یه دختر تجاوز می‌کنن بعد خانواده یارو دخترو…
257	@abasporrr @Carpe__Vinum @revayateman پفیوز اونیه که اصل ماجرارو ول کرده و خایه گوسفند رو گرفته.پفیوز اون مدیری هست… https://t.co/wwext21qER
258	RT @elierfan1: این مسئولان کور نمیبینند که #سیستان_بلوچستان_آب_ندارد وانسانهای زیادی درمضیقه هستند بدون غذامیشودچندروزی زنده بودامابدون اب…
259	توی سیستان یه زن به خاطر آب تن‌فروشی می‌کنه تا بچه‌هاش تشنگی نکشن توی آبادان به یه دختر تجاوز می‌کنن بعد خانواده یا… https://t.co/DQONGi6Ulh
260	"نماینده #چابهار «هر کجا لازم باشد درباره تن فروشی یک زن برای آب پاسخگو خواهم بود»
نماینده چابهار در واکنش به صحبت م… https://t.co/YEyaaXqUrs"
261	"RT @ManotoNews: «هر کجا لازم باشد درباره تن فروشی یک زن برای آب پاسخگو خواهم بود»

نماینده چابهار در واکنش به صحبت معاون سیاسی وزارت کشور:…"
262	@keyhanehaji @darushmemar دلت برای حماقته اون بیشرفایی بسوزه که ۲۴ ساعته‌بخاطر تشنگیه امامشون عرعر میزنن ولی تو سیس… https://t.co/Ny33jnQQxD
263	"خبرهایی مثل مهاجرت فلان خواننده،
مهم‌تر است از تشنگی یه سری خانواده...

#سیستان_بلوچستان"
264	@MR_mmdrza @2020_infinite @_mahe_del @Khamenei_fa امروز به لطف نظام مقدس نما ج.ا. خاک سیستان رو تا ۲۰ سانت برداشتند… https://t.co/XnLmkmVvZn
265	RT @elierfan1: مادری برای تهیه آب برای فرزندان تن فروشی میکنه ودرآخرخودکشی میکنه زنی که برخلاف میلش تن به این کار داد تافرزندان تشنه اش راس…
266	"RT @Nadia31242550: با همه تشنگی منت هیچ ابری را نکشید...

#سیستان_بلوچستان 
#زینب_پور_غلامی https://t.co/QU1YrFpJro"
267	"RT @mo_balouch: صحبت های #سعیدی در تشنگی مردم #سیستان_وبلوچستان با واکنش و تکذیب سریع و سه معاون سیاسی وزیر روبه رو شد
در عجبم کمتر از 24سا…"
268	"RT @mo_balouch: صحبت های #سعیدی در تشنگی مردم #سیستان_وبلوچستان با واکنش و تکذیب سریع و سه معاون سیاسی وزیر روبه رو شد
در عجبم کمتر از 24سا…"
269	"صحبت های #سعیدی در تشنگی مردم #سیستان_وبلوچستان با واکنش و تکذیب سریع و سه معاون سیاسی وزیر روبه رو شد
در عجبم کمتر… https://t.co/ITiW8LodOI"
270	"RT @Nadia31242550: با همه تشنگی منت هیچ ابری را نکشید...

#سیستان_بلوچستان 
#زینب_پور_غلامی https://t.co/QU1YrFpJro"
271	"RT @ManotoNews: «هر کجا لازم باشد درباره تن فروشی یک زن برای آب پاسخگو خواهم بود»

نماینده چابهار در واکنش به صحبت معاون سیاسی وزارت کشور:…"
272	"RT @ManotoNews: «هر کجا لازم باشد درباره تن فروشی یک زن برای آب پاسخگو خواهم بود»

نماینده چابهار در واکنش به صحبت معاون سیاسی وزارت کشور:…"
273	"«هر کجا لازم باشد درباره تن فروشی یک زن برای آب پاسخگو خواهم بود»

نماینده چابهار در واکنش به صحبت معاون سیاسی وزار… https://t.co/lVZIc5XI0d"
274	RT @elierfan1: مادری برای تهیه آب برای فرزندان تن فروشی میکنه ودرآخرخودکشی میکنه زنی که برخلاف میلش تن به این کار داد تافرزندان تشنه اش راس…
275	RT @elierfan1: مادری برای تهیه آب برای فرزندان تن فروشی میکنه ودرآخرخودکشی میکنه زنی که برخلاف میلش تن به این کار داد تافرزندان تشنه اش راس…
276	RT @elierfan1: سخت است دیدن تشنگی فرزندان برای مادری که تمام شرافتش رابه بهای سنگین آب به مردی میفروشد #سیستان_بلوچستان_آب_ندارد
277	RT @elierfan1: شرافت درازای آب چه گزاف به قیمت شرافت وجان 😢 #سیستان_بلوچستان_آب_ندارد مسئولین بی کفایت وبی غیرت کلاه بی غیرتی سرتان کنید زن…
278	RT @elierfan1: این مسئولان کور نمیبینند که #سیستان_بلوچستان_آب_ندارد وانسانهای زیادی درمضیقه هستند بدون غذامیشودچندروزی زنده بودامابدون اب…
279	RT @elierfan1: مادری برای تهیه آب برای فرزندان تن فروشی میکنه ودرآخرخودکشی میکنه زنی که برخلاف میلش تن به این کار داد تافرزندان تشنه اش راس…
280	RT @elierfan1: شرافت درازای آب چه گزاف به قیمت شرافت وجان 😢 #سیستان_بلوچستان_آب_ندارد مسئولین بی کفایت وبی غیرت کلاه بی غیرتی سرتان کنید زن…
281	RT @elierfan1: این مسئولان کور نمیبینند که #سیستان_بلوچستان_آب_ندارد وانسانهای زیادی درمضیقه هستند بدون غذامیشودچندروزی زنده بودامابدون اب…
282	RT @elierfan1: سخت است دیدن تشنگی فرزندان برای مادری که تمام شرافتش رابه بهای سنگین آب به مردی میفروشد #سیستان_بلوچستان_آب_ندارد
283	RT @elierfan1: مادری برای تهیه آب برای فرزندان تن فروشی میکنه ودرآخرخودکشی میکنه زنی که برخلاف میلش تن به این کار داد تافرزندان تشنه اش راس…
284	RT @elierfan1: شرافت درازای آب چه گزاف به قیمت شرافت وجان 😢 #سیستان_بلوچستان_آب_ندارد مسئولین بی کفایت وبی غیرت کلاه بی غیرتی سرتان کنید زن…
285	RT @elierfan1: امشب روایتی تلخ ازواقعیتی دلخراش مینویسم ازاین همه رذالت وبی کفایتی حکومت جمهوری اسلامی که دراین عصرتکنولوژی وقرن 21 زنی بخا…
286	RT @elierfan1: این مسئولان کور نمیبینند که #سیستان_بلوچستان_آب_ندارد وانسانهای زیادی درمضیقه هستند بدون غذامیشودچندروزی زنده بودامابدون اب…
287	RT @elierfan1: امشب تلخ مینویسم زیراکه حکایتی واقعی وتلخ اتفاق افتاده که #سیستان_بلوچستان_آب_ندارد ومادری تاب وتوان دیدن تشنگی فرزندانش ران…
288	RT @elierfan1: سخت است دیدن تشنگی فرزندان برای مادری که تمام شرافتش رابه بهای سنگین آب به مردی میفروشد #سیستان_بلوچستان_آب_ندارد
289	"RT @hamvaremardom: اگر بر حال و احوال مردم ایران،خون گریه کنیم رواست
تن فروشی برای رفع تشنگی خانواده
وای بر ما،چقدر دیگر باید نظاره گر باشی…"
290	"اگر بر حال و احوال مردم ایران،خون گریه کنیم رواست
تن فروشی برای رفع تشنگی خانواده
وای بر ما،چقدر دیگر باید نظاره گر… https://t.co/9WYdfFnkmo"
291	RT @elierfan1: شرافت درازای آب چه گزاف به قیمت شرافت وجان 😢 #سیستان_بلوچستان_آب_ندارد مسئولین بی کفایت وبی غیرت کلاه بی غیرتی سرتان کنید زن…
292	شرافت درازای آب چه گزاف به قیمت شرافت وجان 😢 #سیستان_بلوچستان_آب_ندارد مسئولین بی کفایت وبی غیرت کلاه بی غیرتی سرتا… https://t.co/b0V2m0oe61
293	RT @elierfan1: این مسئولان کور نمیبینند که #سیستان_بلوچستان_آب_ندارد وانسانهای زیادی درمضیقه هستند بدون غذامیشودچندروزی زنده بودامابدون اب…
294	RT @elierfan1: امشب تلخ مینویسم زیراکه حکایتی واقعی وتلخ اتفاق افتاده که #سیستان_بلوچستان_آب_ندارد ومادری تاب وتوان دیدن تشنگی فرزندانش ران…
295	RT @elierfan1: این مسئولان کور نمیبینند که #سیستان_بلوچستان_آب_ندارد وانسانهای زیادی درمضیقه هستند بدون غذامیشودچندروزی زنده بودامابدون اب…
296	RT @elierfan1: این مسئولان کور نمیبینند که #سیستان_بلوچستان_آب_ندارد وانسانهای زیادی درمضیقه هستند بدون غذامیشودچندروزی زنده بودامابدون اب…
297	این مسئولان کور نمیبینند که #سیستان_بلوچستان_آب_ندارد وانسانهای زیادی درمضیقه هستند بدون غذامیشودچندروزی زنده بودام… https://t.co/9CprWhPc2a
298	امشب تلخ مینویسم زیراکه حکایتی واقعی وتلخ اتفاق افتاده که #سیستان_بلوچستان_آب_ندارد ومادری تاب وتوان دیدن تشنگی فرز… https://t.co/joHILUjmdc
299	امشب روایتی تلخ ازواقعیتی دلخراش مینویسم ازاین همه رذالت وبی کفایتی حکومت جمهوری اسلامی که دراین عصرتکنولوژی وقرن 2… https://t.co/IpsEhfegSS
300	سخت است دیدن تشنگی فرزندان برای مادری که تمام شرافتش رابه بهای سنگین آب به مردی میفروشد #سیستان_بلوچستان_آب_ندارد
301	مادری برای تهیه آب برای فرزندان تن فروشی میکنه ودرآخرخودکشی میکنه زنی که برخلاف میلش تن به این کار داد تافرزندان تش… https://t.co/C81PzLJjX9
302	@ARMIN81916857 @Rozhan_Quf همین کارا رو میکنید دریاچه هامون خشک شدن دیگه😐😐😐
303	@cashmastervahab این بنده خدا به دریاچه هامون وصل بود زد به سقف😂😂
304	"اگر غیرت دینی وانسانی وشرف درمدعیان وجود دارد باید از این خبر وغصه ی آن دق کنند وبمیرند!؟؟؟
#آب آشامیدنی
#سیستان وب… https://t.co/7QzALMhmow"
305	"@hesamoldin1 تشنگی حق مادری برای که برای خرید آب برای فرزندانش تن به فحشاء و بعد خودکشی می‌دهد، نیست.
#بحران_آب #سیستان_بلوچستان"
306	استان سیستان و بلوچستان استان بدبختی هست. فقر وحشتناک فرهنگی و مالی  همراه با خشکسالی و  مواد مخدر و قاچاق و... در… https://t.co/N8rs0lHI17
307	@bendmn16 @qob_boq ۱برای خاندان پهلوی،خاک وآب مهم نبود(ماجرای بخشیدن کوههای آرارات به ترکیه در زمان رضاه شاه که امر… https://t.co/SPEkvA2b3R
308	@ARASh_______ از کسانی که هزار و خورده ای یال برای تشنگی و بی کسی حسین سینه زنی می‌کنند و قمه زنی می‌کنند اما برای… https://t.co/lswOKA3nb5
309	"RT @Azadlavasani: و هیچ کسی برای ااون زن سیستان بلوچستانی که بخاطر تشنگی بچش همخوابگی کرد تظاهرات نکرد
#نجف_آباد"
310	RT @lobaat71: آقا این خیلی ناراحت‌کننده‌اس ها. این آبی که ما شیرو همینجوری وا میکنیم میذاریم بره،دو ساعت حموم میکنیم، همین آب، طرف تو سیستا…
311	"RT @Azadlavasani: و هیچ کسی برای ااون زن سیستان بلوچستانی که بخاطر تشنگی بچش همخوابگی کرد تظاهرات نکرد
#نجف_آباد"
312	"RT @Azadlavasani: و هیچ کسی برای ااون زن سیستان بلوچستانی که بخاطر تشنگی بچش همخوابگی کرد تظاهرات نکرد
#نجف_آباد"
313	"RT @Azadlavasani: و هیچ کسی برای ااون زن سیستان بلوچستانی که بخاطر تشنگی بچش همخوابگی کرد تظاهرات نکرد
#نجف_آباد"
314	"RT @Azadlavasani: و هیچ کسی برای ااون زن سیستان بلوچستانی که بخاطر تشنگی بچش همخوابگی کرد تظاهرات نکرد
#نجف_آباد"
315	RT @lobaat71: آقا این خیلی ناراحت‌کننده‌اس ها. این آبی که ما شیرو همینجوری وا میکنیم میذاریم بره،دو ساعت حموم میکنیم، همین آب، طرف تو سیستا…
316	"و هیچ کسی برای ااون زن سیستان بلوچستانی که بخاطر تشنگی بچش همخوابگی کرد تظاهرات نکرد
#نجف_آباد"
317	"🔴توضیحات وزیر نیرو در کمیسیون عمران قانع کننده نبود

معین الدین سعیدی، نماینده مردم چابهار در مجلس در گفتگو با دانا… https://t.co/9uWm1syXGU"
318	RT @lobaat71: آقا این خیلی ناراحت‌کننده‌اس ها. این آبی که ما شیرو همینجوری وا میکنیم میذاریم بره،دو ساعت حموم میکنیم، همین آب، طرف تو سیستا…
319	آقا این خیلی ناراحت‌کننده‌اس ها. این آبی که ما شیرو همینجوری وا میکنیم میذاریم بره،دو ساعت حموم میکنیم، همین آب، طر… https://t.co/gwpwvCqXlZ
320	@mb_ghalibaf ریدم تو مجالس روضه و عزاداریتون که برای تشنگیه قومی ۱۵۰۰ سال پیش به سروکله اتون میزنین در حالیه زنی تو… https://t.co/Hsbe6itOTT
321	RT @gharargahkhatam: @mb_ghalibaf احداث بند کجکی و... بر روی رودخانه هیرمند در افغانستان باعث خشک شدن دریاچه هامون شده که در نتیجه آن ایجاد…
322	بیش از 85% مردم کشور زیر خط فقر زندگی می کنند بخشی از استان سیستان و بلوچستان از بی آبی رنج می برد،فقر و بیکاری و ن… https://t.co/VHgfidglwu
323	RT @gharargahkhatam: @mb_ghalibaf احداث بند کجکی و... بر روی رودخانه هیرمند در افغانستان باعث خشک شدن دریاچه هامون شده که در نتیجه آن ایجاد…
324	RT @gharargahkhatam: @mb_ghalibaf احداث بند کجکی و... بر روی رودخانه هیرمند در افغانستان باعث خشک شدن دریاچه هامون شده که در نتیجه آن ایجاد…
325	@mb_ghalibaf احداث بند کجکی و... بر روی رودخانه هیرمند در افغانستان باعث خشک شدن دریاچه هامون شده که در نتیجه آن ای… https://t.co/FmU4meySlx
326	مامانم اون خبره که (مادره دوتا بچشو انداخته تو رود و کشته)خونده،الان یهو امد تو اتاقم گفت یا میای خونه رو جارو میکن… https://t.co/a5qHfujWlv
327	@Celia9008 اگر شما ، زبان فارسی رو که زبان مرجع هست ، بلد نباشی ، روزی اگر رفتی با سیستان و بلوچستان،  آبی برای خور… https://t.co/j5XL5C6pBV
328	RT @_BThe12_: یادش بخیر، یه زمانی دغدغه هامون در سطح مشکل ریزگردها یا بی آبی دریاچه ارومیه و زاینده‌رود بود. الان رسیدیم به #انسولین_نیست .…
